[
  {
    "title": "Retro Game 1",
    "url": "https://rawcdn.githack.com/justinmeister/MarioHTML5/master/index.html"
  },
  {
    "title": "Retro Game 2",
    "url": "https://tetris.com/play-tetris/embed"
  },
  {
    "title": "Retro Game 3",
    "url": "https://www.freepacman.org/embed.php"
  },
  {
    "title": "Retro Game 4",
    "url": "https://js-dos.com/cdn/upload/dos/dosbox.html?url=https://js-dos.com/cdn/games/doom.jsdos"
  },
  {
    "title": "Retro Game 5",
    "url": "https://playsnake.org/embed"
  },
  {
    "title": "Retro Game 6",
    "url": "https://rawcdn.githack.com/justinmeister/MarioHTML5/master/index.html"
  },
  {
    "title": "Retro Game 7",
    "url": "https://tetris.com/play-tetris/embed"
  },
  {
    "title": "Retro Game 8",
    "url": "https://www.freepacman.org/embed.php"
  },
  {
    "title": "Retro Game 9",
    "url": "https://js-dos.com/cdn/upload/dos/dosbox.html?url=https://js-dos.com/cdn/games/doom.jsdos"
  },
  {
    "title": "Retro Game 10",
    "url": "https://playsnake.org/embed"
  },
  {
    "title": "Retro Game 11",
    "url": "https://rawcdn.githack.com/justinmeister/MarioHTML5/master/index.html"
  },
  {
    "title": "Retro Game 12",
    "url": "https://tetris.com/play-tetris/embed"
  },
  {
    "title": "Retro Game 13",
    "url": "https://www.freepacman.org/embed.php"
  },
  {
    "title": "Retro Game 14",
    "url": "https://js-dos.com/cdn/upload/dos/dosbox.html?url=https://js-dos.com/cdn/games/doom.jsdos"
  },
  {
    "title": "Retro Game 15",
    "url": "https://playsnake.org/embed"
  },
  {
    "title": "Retro Game 16",
    "url": "https://rawcdn.githack.com/justinmeister/MarioHTML5/master/index.html"
  },
  {
    "title": "Retro Game 17",
    "url": "https://tetris.com/play-tetris/embed"
  },
  {
    "title": "Retro Game 18",
    "url": "https://www.freepacman.org/embed.php"
  },
  {
    "title": "Retro Game 19",
    "url": "https://js-dos.com/cdn/upload/dos/dosbox.html?url=https://js-dos.com/cdn/games/doom.jsdos"
  },
  {
    "title": "Retro Game 20",
    "url": "https://playsnake.org/embed"
  },
  {
    "title": "Retro Game 21",
    "url": "https://rawcdn.githack.com/justinmeister/MarioHTML5/master/index.html"
  },
  {
    "title": "Retro Game 22",
    "url": "https://tetris.com/play-tetris/embed"
  },
  {
    "title": "Retro Game 23",
    "url": "https://www.freepacman.org/embed.php"
  },
  {
    "title": "Retro Game 24",
    "url": "https://js-dos.com/cdn/upload/dos/dosbox.html?url=https://js-dos.com/cdn/games/doom.jsdos"
  },
  {
    "title": "Retro Game 25",
    "url": "https://playsnake.org/embed"
  },
  {
    "title": "Retro Game 26",
    "url": "https://rawcdn.githack.com/justinmeister/MarioHTML5/master/index.html"
  },
  {
    "title": "Retro Game 27",
    "url": "https://tetris.com/play-tetris/embed"
  },
  {
    "title": "Retro Game 28",
    "url": "https://www.freepacman.org/embed.php"
  },
  {
    "title": "Retro Game 29",
    "url": "https://js-dos.com/cdn/upload/dos/dosbox.html?url=https://js-dos.com/cdn/games/doom.jsdos"
  },
  {
    "title": "Retro Game 30",
    "url": "https://playsnake.org/embed"
  },
  {
    "title": "Retro Game 31",
    "url": "https://rawcdn.githack.com/justinmeister/MarioHTML5/master/index.html"
  },
  {
    "title": "Retro Game 32",
    "url": "https://tetris.com/play-tetris/embed"
  },
  {
    "title": "Retro Game 33",
    "url": "https://www.freepacman.org/embed.php"
  },
  {
    "title": "Retro Game 34",
    "url": "https://js-dos.com/cdn/upload/dos/dosbox.html?url=https://js-dos.com/cdn/games/doom.jsdos"
  },
  {
    "title": "Retro Game 35",
    "url": "https://playsnake.org/embed"
  },
  {
    "title": "Retro Game 36",
    "url": "https://rawcdn.githack.com/justinmeister/MarioHTML5/master/index.html"
  },
  {
    "title": "Retro Game 37",
    "url": "https://tetris.com/play-tetris/embed"
  },
  {
    "title": "Retro Game 38",
    "url": "https://www.freepacman.org/embed.php"
  },
  {
    "title": "Retro Game 39",
    "url": "https://js-dos.com/cdn/upload/dos/dosbox.html?url=https://js-dos.com/cdn/games/doom.jsdos"
  },
  {
    "title": "Retro Game 40",
    "url": "https://playsnake.org/embed"
  },
  {
    "title": "Retro Game 41",
    "url": "https://rawcdn.githack.com/justinmeister/MarioHTML5/master/index.html"
  },
  {
    "title": "Retro Game 42",
    "url": "https://tetris.com/play-tetris/embed"
  },
  {
    "title": "Retro Game 43",
    "url": "https://www.freepacman.org/embed.php"
  },
  {
    "title": "Retro Game 44",
    "url": "https://js-dos.com/cdn/upload/dos/dosbox.html?url=https://js-dos.com/cdn/games/doom.jsdos"
  },
  {
    "title": "Retro Game 45",
    "url": "https://playsnake.org/embed"
  },
  {
    "title": "Retro Game 46",
    "url": "https://rawcdn.githack.com/justinmeister/MarioHTML5/master/index.html"
  },
  {
    "title": "Retro Game 47",
    "url": "https://tetris.com/play-tetris/embed"
  },
  {
    "title": "Retro Game 48",
    "url": "https://www.freepacman.org/embed.php"
  },
  {
    "title": "Retro Game 49",
    "url": "https://js-dos.com/cdn/upload/dos/dosbox.html?url=https://js-dos.com/cdn/games/doom.jsdos"
  },
  {
    "title": "Retro Game 50",
    "url": "https://playsnake.org/embed"
  },
  {
    "title": "Retro Game 51",
    "url": "https://rawcdn.githack.com/justinmeister/MarioHTML5/master/index.html"
  },
  {
    "title": "Retro Game 52",
    "url": "https://tetris.com/play-tetris/embed"
  },
  {
    "title": "Retro Game 53",
    "url": "https://www.freepacman.org/embed.php"
  },
  {
    "title": "Retro Game 54",
    "url": "https://js-dos.com/cdn/upload/dos/dosbox.html?url=https://js-dos.com/cdn/games/doom.jsdos"
  },
  {
    "title": "Retro Game 55",
    "url": "https://playsnake.org/embed"
  },
  {
    "title": "Retro Game 56",
    "url": "https://rawcdn.githack.com/justinmeister/MarioHTML5/master/index.html"
  },
  {
    "title": "Retro Game 57",
    "url": "https://tetris.com/play-tetris/embed"
  },
  {
    "title": "Retro Game 58",
    "url": "https://www.freepacman.org/embed.php"
  },
  {
    "title": "Retro Game 59",
    "url": "https://js-dos.com/cdn/upload/dos/dosbox.html?url=https://js-dos.com/cdn/games/doom.jsdos"
  },
  {
    "title": "Retro Game 60",
    "url": "https://playsnake.org/embed"
  },
  {
    "title": "Retro Game 61",
    "url": "https://rawcdn.githack.com/justinmeister/MarioHTML5/master/index.html"
  },
  {
    "title": "Retro Game 62",
    "url": "https://tetris.com/play-tetris/embed"
  },
  {
    "title": "Retro Game 63",
    "url": "https://www.freepacman.org/embed.php"
  },
  {
    "title": "Retro Game 64",
    "url": "https://js-dos.com/cdn/upload/dos/dosbox.html?url=https://js-dos.com/cdn/games/doom.jsdos"
  },
  {
    "title": "Retro Game 65",
    "url": "https://playsnake.org/embed"
  },
  {
    "title": "Retro Game 66",
    "url": "https://rawcdn.githack.com/justinmeister/MarioHTML5/master/index.html"
  },
  {
    "title": "Retro Game 67",
    "url": "https://tetris.com/play-tetris/embed"
  },
  {
    "title": "Retro Game 68",
    "url": "https://www.freepacman.org/embed.php"
  },
  {
    "title": "Retro Game 69",
    "url": "https://js-dos.com/cdn/upload/dos/dosbox.html?url=https://js-dos.com/cdn/games/doom.jsdos"
  },
  {
    "title": "Retro Game 70",
    "url": "https://playsnake.org/embed"
  },
  {
    "title": "Retro Game 71",
    "url": "https://rawcdn.githack.com/justinmeister/MarioHTML5/master/index.html"
  },
  {
    "title": "Retro Game 72",
    "url": "https://tetris.com/play-tetris/embed"
  },
  {
    "title": "Retro Game 73",
    "url": "https://www.freepacman.org/embed.php"
  },
  {
    "title": "Retro Game 74",
    "url": "https://js-dos.com/cdn/upload/dos/dosbox.html?url=https://js-dos.com/cdn/games/doom.jsdos"
  },
  {
    "title": "Retro Game 75",
    "url": "https://playsnake.org/embed"
  },
  {
    "title": "Retro Game 76",
    "url": "https://rawcdn.githack.com/justinmeister/MarioHTML5/master/index.html"
  },
  {
    "title": "Retro Game 77",
    "url": "https://tetris.com/play-tetris/embed"
  },
  {
    "title": "Retro Game 78",
    "url": "https://www.freepacman.org/embed.php"
  },
  {
    "title": "Retro Game 79",
    "url": "https://js-dos.com/cdn/upload/dos/dosbox.html?url=https://js-dos.com/cdn/games/doom.jsdos"
  },
  {
    "title": "Retro Game 80",
    "url": "https://playsnake.org/embed"
  },
  {
    "title": "Retro Game 81",
    "url": "https://rawcdn.githack.com/justinmeister/MarioHTML5/master/index.html"
  },
  {
    "title": "Retro Game 82",
    "url": "https://tetris.com/play-tetris/embed"
  },
  {
    "title": "Retro Game 83",
    "url": "https://www.freepacman.org/embed.php"
  },
  {
    "title": "Retro Game 84",
    "url": "https://js-dos.com/cdn/upload/dos/dosbox.html?url=https://js-dos.com/cdn/games/doom.jsdos"
  },
  {
    "title": "Retro Game 85",
    "url": "https://playsnake.org/embed"
  },
  {
    "title": "Retro Game 86",
    "url": "https://rawcdn.githack.com/justinmeister/MarioHTML5/master/index.html"
  },
  {
    "title": "Retro Game 87",
    "url": "https://tetris.com/play-tetris/embed"
  },
  {
    "title": "Retro Game 88",
    "url": "https://www.freepacman.org/embed.php"
  },
  {
    "title": "Retro Game 89",
    "url": "https://js-dos.com/cdn/upload/dos/dosbox.html?url=https://js-dos.com/cdn/games/doom.jsdos"
  },
  {
    "title": "Retro Game 90",
    "url": "https://playsnake.org/embed"
  },
  {
    "title": "Retro Game 91",
    "url": "https://rawcdn.githack.com/justinmeister/MarioHTML5/master/index.html"
  },
  {
    "title": "Retro Game 92",
    "url": "https://tetris.com/play-tetris/embed"
  },
  {
    "title": "Retro Game 93",
    "url": "https://www.freepacman.org/embed.php"
  },
  {
    "title": "Retro Game 94",
    "url": "https://js-dos.com/cdn/upload/dos/dosbox.html?url=https://js-dos.com/cdn/games/doom.jsdos"
  },
  {
    "title": "Retro Game 95",
    "url": "https://playsnake.org/embed"
  },
  {
    "title": "Retro Game 96",
    "url": "https://rawcdn.githack.com/justinmeister/MarioHTML5/master/index.html"
  },
  {
    "title": "Retro Game 97",
    "url": "https://tetris.com/play-tetris/embed"
  },
  {
    "title": "Retro Game 98",
    "url": "https://www.freepacman.org/embed.php"
  },
  {
    "title": "Retro Game 99",
    "url": "https://js-dos.com/cdn/upload/dos/dosbox.html?url=https://js-dos.com/cdn/games/doom.jsdos"
  },
  {
    "title": "Retro Game 100",
    "url": "https://playsnake.org/embed"
  },
  {
    "title": "Retro Game 101",
    "url": "https://rawcdn.githack.com/justinmeister/MarioHTML5/master/index.html"
  },
  {
    "title": "Retro Game 102",
    "url": "https://tetris.com/play-tetris/embed"
  },
  {
    "title": "Retro Game 103",
    "url": "https://www.freepacman.org/embed.php"
  },
  {
    "title": "Retro Game 104",
    "url": "https://js-dos.com/cdn/upload/dos/dosbox.html?url=https://js-dos.com/cdn/games/doom.jsdos"
  },
  {
    "title": "Retro Game 105",
    "url": "https://playsnake.org/embed"
  },
  {
    "title": "Retro Game 106",
    "url": "https://rawcdn.githack.com/justinmeister/MarioHTML5/master/index.html"
  },
  {
    "title": "Retro Game 107",
    "url": "https://tetris.com/play-tetris/embed"
  },
  {
    "title": "Retro Game 108",
    "url": "https://www.freepacman.org/embed.php"
  },
  {
    "title": "Retro Game 109",
    "url": "https://js-dos.com/cdn/upload/dos/dosbox.html?url=https://js-dos.com/cdn/games/doom.jsdos"
  },
  {
    "title": "Retro Game 110",
    "url": "https://playsnake.org/embed"
  },
  {
    "title": "Retro Game 111",
    "url": "https://rawcdn.githack.com/justinmeister/MarioHTML5/master/index.html"
  },
  {
    "title": "Retro Game 112",
    "url": "https://tetris.com/play-tetris/embed"
  },
  {
    "title": "Retro Game 113",
    "url": "https://www.freepacman.org/embed.php"
  },
  {
    "title": "Retro Game 114",
    "url": "https://js-dos.com/cdn/upload/dos/dosbox.html?url=https://js-dos.com/cdn/games/doom.jsdos"
  },
  {
    "title": "Retro Game 115",
    "url": "https://playsnake.org/embed"
  },
  {
    "title": "Retro Game 116",
    "url": "https://rawcdn.githack.com/justinmeister/MarioHTML5/master/index.html"
  },
  {
    "title": "Retro Game 117",
    "url": "https://tetris.com/play-tetris/embed"
  },
  {
    "title": "Retro Game 118",
    "url": "https://www.freepacman.org/embed.php"
  },
  {
    "title": "Retro Game 119",
    "url": "https://js-dos.com/cdn/upload/dos/dosbox.html?url=https://js-dos.com/cdn/games/doom.jsdos"
  },
  {
    "title": "Retro Game 120",
    "url": "https://playsnake.org/embed"
  },
  {
    "title": "Retro Game 121",
    "url": "https://rawcdn.githack.com/justinmeister/MarioHTML5/master/index.html"
  },
  {
    "title": "Retro Game 122",
    "url": "https://tetris.com/play-tetris/embed"
  },
  {
    "title": "Retro Game 123",
    "url": "https://www.freepacman.org/embed.php"
  },
  {
    "title": "Retro Game 124",
    "url": "https://js-dos.com/cdn/upload/dos/dosbox.html?url=https://js-dos.com/cdn/games/doom.jsdos"
  },
  {
    "title": "Retro Game 125",
    "url": "https://playsnake.org/embed"
  },
  {
    "title": "Retro Game 126",
    "url": "https://rawcdn.githack.com/justinmeister/MarioHTML5/master/index.html"
  },
  {
    "title": "Retro Game 127",
    "url": "https://tetris.com/play-tetris/embed"
  },
  {
    "title": "Retro Game 128",
    "url": "https://www.freepacman.org/embed.php"
  },
  {
    "title": "Retro Game 129",
    "url": "https://js-dos.com/cdn/upload/dos/dosbox.html?url=https://js-dos.com/cdn/games/doom.jsdos"
  },
  {
    "title": "Retro Game 130",
    "url": "https://playsnake.org/embed"
  },
  {
    "title": "Retro Game 131",
    "url": "https://rawcdn.githack.com/justinmeister/MarioHTML5/master/index.html"
  },
  {
    "title": "Retro Game 132",
    "url": "https://tetris.com/play-tetris/embed"
  },
  {
    "title": "Retro Game 133",
    "url": "https://www.freepacman.org/embed.php"
  },
  {
    "title": "Retro Game 134",
    "url": "https://js-dos.com/cdn/upload/dos/dosbox.html?url=https://js-dos.com/cdn/games/doom.jsdos"
  },
  {
    "title": "Retro Game 135",
    "url": "https://playsnake.org/embed"
  },
  {
    "title": "Retro Game 136",
    "url": "https://rawcdn.githack.com/justinmeister/MarioHTML5/master/index.html"
  },
  {
    "title": "Retro Game 137",
    "url": "https://tetris.com/play-tetris/embed"
  },
  {
    "title": "Retro Game 138",
    "url": "https://www.freepacman.org/embed.php"
  },
  {
    "title": "Retro Game 139",
    "url": "https://js-dos.com/cdn/upload/dos/dosbox.html?url=https://js-dos.com/cdn/games/doom.jsdos"
  },
  {
    "title": "Retro Game 140",
    "url": "https://playsnake.org/embed"
  },
  {
    "title": "Retro Game 141",
    "url": "https://rawcdn.githack.com/justinmeister/MarioHTML5/master/index.html"
  },
  {
    "title": "Retro Game 142",
    "url": "https://tetris.com/play-tetris/embed"
  },
  {
    "title": "Retro Game 143",
    "url": "https://www.freepacman.org/embed.php"
  },
  {
    "title": "Retro Game 144",
    "url": "https://js-dos.com/cdn/upload/dos/dosbox.html?url=https://js-dos.com/cdn/games/doom.jsdos"
  },
  {
    "title": "Retro Game 145",
    "url": "https://playsnake.org/embed"
  },
  {
    "title": "Retro Game 146",
    "url": "https://rawcdn.githack.com/justinmeister/MarioHTML5/master/index.html"
  },
  {
    "title": "Retro Game 147",
    "url": "https://tetris.com/play-tetris/embed"
  },
  {
    "title": "Retro Game 148",
    "url": "https://www.freepacman.org/embed.php"
  },
  {
    "title": "Retro Game 149",
    "url": "https://js-dos.com/cdn/upload/dos/dosbox.html?url=https://js-dos.com/cdn/games/doom.jsdos"
  },
  {
    "title": "Retro Game 150",
    "url": "https://playsnake.org/embed"
  },
  {
    "title": "Retro Game 151",
    "url": "https://rawcdn.githack.com/justinmeister/MarioHTML5/master/index.html"
  },
  {
    "title": "Retro Game 152",
    "url": "https://tetris.com/play-tetris/embed"
  },
  {
    "title": "Retro Game 153",
    "url": "https://www.freepacman.org/embed.php"
  },
  {
    "title": "Retro Game 154",
    "url": "https://js-dos.com/cdn/upload/dos/dosbox.html?url=https://js-dos.com/cdn/games/doom.jsdos"
  },
  {
    "title": "Retro Game 155",
    "url": "https://playsnake.org/embed"
  },
  {
    "title": "Retro Game 156",
    "url": "https://rawcdn.githack.com/justinmeister/MarioHTML5/master/index.html"
  },
  {
    "title": "Retro Game 157",
    "url": "https://tetris.com/play-tetris/embed"
  },
  {
    "title": "Retro Game 158",
    "url": "https://www.freepacman.org/embed.php"
  },
  {
    "title": "Retro Game 159",
    "url": "https://js-dos.com/cdn/upload/dos/dosbox.html?url=https://js-dos.com/cdn/games/doom.jsdos"
  },
  {
    "title": "Retro Game 160",
    "url": "https://playsnake.org/embed"
  },
  {
    "title": "Retro Game 161",
    "url": "https://rawcdn.githack.com/justinmeister/MarioHTML5/master/index.html"
  },
  {
    "title": "Retro Game 162",
    "url": "https://tetris.com/play-tetris/embed"
  },
  {
    "title": "Retro Game 163",
    "url": "https://www.freepacman.org/embed.php"
  },
  {
    "title": "Retro Game 164",
    "url": "https://js-dos.com/cdn/upload/dos/dosbox.html?url=https://js-dos.com/cdn/games/doom.jsdos"
  },
  {
    "title": "Retro Game 165",
    "url": "https://playsnake.org/embed"
  },
  {
    "title": "Retro Game 166",
    "url": "https://rawcdn.githack.com/justinmeister/MarioHTML5/master/index.html"
  },
  {
    "title": "Retro Game 167",
    "url": "https://tetris.com/play-tetris/embed"
  },
  {
    "title": "Retro Game 168",
    "url": "https://www.freepacman.org/embed.php"
  },
  {
    "title": "Retro Game 169",
    "url": "https://js-dos.com/cdn/upload/dos/dosbox.html?url=https://js-dos.com/cdn/games/doom.jsdos"
  },
  {
    "title": "Retro Game 170",
    "url": "https://playsnake.org/embed"
  },
  {
    "title": "Retro Game 171",
    "url": "https://rawcdn.githack.com/justinmeister/MarioHTML5/master/index.html"
  },
  {
    "title": "Retro Game 172",
    "url": "https://tetris.com/play-tetris/embed"
  },
  {
    "title": "Retro Game 173",
    "url": "https://www.freepacman.org/embed.php"
  },
  {
    "title": "Retro Game 174",
    "url": "https://js-dos.com/cdn/upload/dos/dosbox.html?url=https://js-dos.com/cdn/games/doom.jsdos"
  },
  {
    "title": "Retro Game 175",
    "url": "https://playsnake.org/embed"
  },
  {
    "title": "Retro Game 176",
    "url": "https://rawcdn.githack.com/justinmeister/MarioHTML5/master/index.html"
  },
  {
    "title": "Retro Game 177",
    "url": "https://tetris.com/play-tetris/embed"
  },
  {
    "title": "Retro Game 178",
    "url": "https://www.freepacman.org/embed.php"
  },
  {
    "title": "Retro Game 179",
    "url": "https://js-dos.com/cdn/upload/dos/dosbox.html?url=https://js-dos.com/cdn/games/doom.jsdos"
  },
  {
    "title": "Retro Game 180",
    "url": "https://playsnake.org/embed"
  },
  {
    "title": "Retro Game 181",
    "url": "https://rawcdn.githack.com/justinmeister/MarioHTML5/master/index.html"
  },
  {
    "title": "Retro Game 182",
    "url": "https://tetris.com/play-tetris/embed"
  },
  {
    "title": "Retro Game 183",
    "url": "https://www.freepacman.org/embed.php"
  },
  {
    "title": "Retro Game 184",
    "url": "https://js-dos.com/cdn/upload/dos/dosbox.html?url=https://js-dos.com/cdn/games/doom.jsdos"
  },
  {
    "title": "Retro Game 185",
    "url": "https://playsnake.org/embed"
  },
  {
    "title": "Retro Game 186",
    "url": "https://rawcdn.githack.com/justinmeister/MarioHTML5/master/index.html"
  },
  {
    "title": "Retro Game 187",
    "url": "https://tetris.com/play-tetris/embed"
  },
  {
    "title": "Retro Game 188",
    "url": "https://www.freepacman.org/embed.php"
  },
  {
    "title": "Retro Game 189",
    "url": "https://js-dos.com/cdn/upload/dos/dosbox.html?url=https://js-dos.com/cdn/games/doom.jsdos"
  },
  {
    "title": "Retro Game 190",
    "url": "https://playsnake.org/embed"
  },
  {
    "title": "Retro Game 191",
    "url": "https://rawcdn.githack.com/justinmeister/MarioHTML5/master/index.html"
  },
  {
    "title": "Retro Game 192",
    "url": "https://tetris.com/play-tetris/embed"
  },
  {
    "title": "Retro Game 193",
    "url": "https://www.freepacman.org/embed.php"
  },
  {
    "title": "Retro Game 194",
    "url": "https://js-dos.com/cdn/upload/dos/dosbox.html?url=https://js-dos.com/cdn/games/doom.jsdos"
  },
  {
    "title": "Retro Game 195",
    "url": "https://playsnake.org/embed"
  },
  {
    "title": "Retro Game 196",
    "url": "https://rawcdn.githack.com/justinmeister/MarioHTML5/master/index.html"
  },
  {
    "title": "Retro Game 197",
    "url": "https://tetris.com/play-tetris/embed"
  },
  {
    "title": "Retro Game 198",
    "url": "https://www.freepacman.org/embed.php"
  },
  {
    "title": "Retro Game 199",
    "url": "https://js-dos.com/cdn/upload/dos/dosbox.html?url=https://js-dos.com/cdn/games/doom.jsdos"
  },
  {
    "title": "Retro Game 200",
    "url": "https://playsnake.org/embed"
  }
]